,City,Cloudiness,Country,Date,Humidity,Lat,Lng,Max Temp,Wind Speed
0,Port Alfred,0,ZA,1578787347,94,-33.59,26.89,293.71,4.92
1,Albany,90,US,1578787335,82,42.6,-73.97,291.15,2.1
2,Ushuaia,75,AR,1578787202,76,-54.8,-68.3,284.15,5.7
3,Chokurdakh,19,RU,1578787353,99,70.63,147.92,238.83,1.35
4,Sao Joao da Barra,100,BR,1578787524,80,-21.64,-41.05,299.26,5.6
5,Mataura,85,NZ,1578787524,66,-46.19,168.86,289.82,5.36
6,Luba,20,GQ,1578787524,94,3.46,8.55,298.15,1.5
7,Quatre Cocos,40,MU,1578787525,88,-20.21,57.76,299.15,2.1
8,Yellowknife,20,CA,1578787525,65,62.46,-114.35,234.26,2.1
9,Tartous,75,SY,1578787525,76,34.89,35.89,282.59,2.1
10,Jamestown,90,US,1578787766,77,42.1,-79.24,290.37,4.1
11,Longyearbyen,20,SJ,1578787525,49,78.22,15.64,257.15,7.7
12,Soria,0,ES,1578787526,78,41.67,-2.67,271.92,2.71
13,Thunder Bay,5,CA,1578787333,54,48.4,-89.32,257.15,2.1
14,Provideniya,97,RU,1578787526,95,64.38,-173.3,260.11,4.52
15,Barrow,40,US,1578787526,75,71.29,-156.79,246.15,9.3
16,Rio Branco,20,BR,1578787767,70,-9.97,-67.81,302.15,2.1
17,Mafinga,100,TZ,1578787527,97,-7.25,35.07,292.39,2.46
18,Faanui,82,PF,1578787527,79,-16.48,-151.75,300.85,6.9
19,Ponta do Sol,75,PT,1578787527,63,32.67,-17.1,289.15,6.2
20,Rikitea,20,PF,1578787334,78,-23.12,-134.97,297.37,7.82
21,Atar,100,MR,1578787527,18,20.52,-13.05,286.04,3.41
22,Bluff,76,NZ,1578787264,66,-46.6,168.33,289.82,5.36
23,Cape Town,0,ZA,1578787627,88,-33.93,18.42,293.71,5.1
24,Nisia Floresta,40,BR,1578787528,74,-6.09,-35.21,300.15,4.1
25,Mahon,79,ES,1578787528,87,39.89,4.27,282.15,2.6
26,Kidal,58,ML,1578787351,16,18.44,1.41,289.93,6.23
27,Puerto Ayora,40,EC,1578787367,62,-0.74,-90.35,302.15,6.2
28,Punta Arenas,75,CL,1578787200,71,-53.15,-70.92,286.15,9.8
29,Bethel,40,US,1578787529,76,41.37,-73.41,291.15,3.6
30,Saraland,1,US,1578787529,82,30.82,-88.07,290.37,4.6
31,Hong Kong,20,HK,1578787345,62,22.29,114.16,288.71,4.6
32,Broken Hill,0,AU,1578787348,37,-31.95,141.43,292.15,8.2
33,Hilo,75,US,1578787203,58,19.73,-155.09,303.15,6.7
34,Tuatapere,19,NZ,1578787530,66,-46.13,167.68,289.82,5.36
35,Torbay,90,CA,1578787520,98,47.67,-52.73,273.71,6.2
36,Labuhan,99,ID,1578787530,86,-6.88,112.21,297.56,2.08
37,Fortuna,20,US,1578787530,70,40.6,-124.16,284.26,4.6
38,Atuona,0,PF,1578787341,75,-9.8,-139.03,300.39,6.81
39,Taoudenni,0,ML,1578787531,29,22.68,-3.98,285.14,3.25
40,Pangnirtung,100,CA,1578787531,99,66.15,-65.71,235.36,0.65
41,Korla,21,CN,1578787531,72,41.76,86.15,262.92,2.49
42,Meadow Lake,1,US,1578787531,20,34.8,-106.54,280.15,8.2
43,Shadrinsk,50,RU,1578787532,92,56.09,63.63,258.83,4.01
44,Lavrentiya,100,RU,1578787343,95,65.58,-171.0,263.29,4.92
45,Busselton,0,AU,1578787335,24,-33.65,115.33,300.93,3.6
46,Alto Araguaia,99,BR,1578787532,93,-17.31,-53.22,294.7,3.35
47,Narsaq,49,GL,1578787532,55,60.92,-46.05,252.64,4.2
48,Eyl,0,SO,1578787533,79,7.98,49.82,298.65,5.86
49,Hobart,40,AU,1578787229,39,-42.88,147.33,293.71,3.6
50,Clyde River,75,CA,1578787533,75,70.47,-68.59,248.15,6.7
51,Bouloupari,92,NC,1578787533,55,-21.87,166.05,303.15,3.1
52,Lompoc,1,US,1578787270,54,34.64,-120.46,290.93,6.2
53,Valsad,0,IN,1578787534,64,20.63,72.93,294.15,2.1
54,Cherskiy,100,RU,1578787534,98,68.75,161.3,248.96,1.1
55,Bairiki Village,75,KI,1578787534,70,1.33,172.98,304.15,1.0
56,Alofi,94,NU,1578787535,70,-19.06,-169.92,302.15,7.7
57,Vardo,100,NO,1578787369,88,70.37,31.11,271.4,3.86
58,Jawa,97,JO,1578787535,93,31.85,35.94,279.15,3.1
59,Norwich,100,GB,1578787535,81,52.63,1.3,283.15,9.3
60,Luganville,90,VU,1578787536,79,-15.53,167.17,302.15,1.5
61,Tiarei,90,PF,1578787537,62,-17.53,-149.33,303.15,4.6
62,Cabo San Lucas,20,MX,1578787479,64,22.89,-109.91,295.93,2.6
63,Esperance,0,AU,1578787537,60,-33.87,121.9,293.15,9.8
64,Cockburn Town,45,TC,1578787339,75,21.46,-71.14,299.29,14.15
65,Dunedin,46,NZ,1578787538,51,-45.87,170.5,293.71,2.68
66,Hermanus,0,ZA,1578787349,96,-34.42,19.23,292.04,3.25
67,New Norfolk,40,AU,1578787370,39,-42.78,147.06,293.71,3.6
68,Saint-Philippe,75,RE,1578787343,88,-21.36,55.77,298.15,4.6
69,Carnarvon,68,AU,1578787364,51,-24.87,113.63,303.15,4.6
70,Kavieng,100,PG,1578787539,77,-2.57,150.8,301.93,5.32
71,Panama,20,PA,1578787539,70,8.99,-79.52,303.15,4.1
72,Vaini,75,TO,1578787335,74,-21.2,-175.2,302.15,5.1
73,Bredasdorp,0,ZA,1578787354,96,-34.53,20.04,288.15,0.82
74,Northam,100,GB,1578787540,95,51.03,-4.22,284.26,6.26
75,Cayenne,40,GF,1578787540,83,4.93,-52.33,299.15,1.0
76,Cidreira,99,BR,1578787339,85,-30.18,-50.21,298.85,4.05
77,Quelimane,40,MZ,1578787540,94,-17.88,36.89,301.15,2.1
78,Aykhal,0,RU,1578787541,91,66.0,111.5,255.15,4.0
79,Mumford,86,GH,1578787541,87,5.26,-0.76,297.88,1.47
80,Bathsheba,40,BB,1578787338,78,13.22,-59.52,298.15,10.3
81,Tarakan,100,ID,1578787542,92,3.3,117.63,297.3,1.4
82,Tasiilaq,100,GL,1578787343,58,65.61,-37.64,269.15,1.5
83,Port Elizabeth,0,ZA,1578787542,86,-33.92,25.57,293.95,8.87
84,Minudasht,100,IR,1578787543,86,37.23,55.37,277.15,7.21
85,Banepa,20,NP,1578787543,100,27.63,85.52,277.15,1.97
86,Kapaa,20,US,1578787339,78,22.08,-159.32,299.15,2.1
87,Bitung,40,ID,1578787543,94,1.45,125.18,297.15,1.5
88,Qaanaaq,0,GL,1578787358,41,77.48,-69.36,248.3,2.28
89,Puerto Narino,75,CO,1578787544,100,-3.77,-70.38,297.15,1.12
90,Coyhaique,40,CL,1578787544,48,-45.58,-72.07,292.15,3.1
91,Caravelas,0,BR,1578787370,84,-17.71,-39.25,299.44,7.1
92,Huambo,100,AO,1578787544,98,-12.78,15.74,287.89,0.5
93,Hofn,100,IS,1578787545,54,64.25,-15.21,274.95,12.53
94,Ribeira Grande,100,PT,1578787338,66,38.52,-28.7,283.98,3.18
95,Thompson,40,CA,1578787223,75,55.74,-97.86,246.15,1.5
96,Kahului,90,US,1578787545,78,20.89,-156.47,298.15,6.2
97,Talnakh,75,RU,1578787346,92,69.49,88.4,259.15,14.0
98,Saint George,11,US,1578787223,36,37.1,-113.58,281.15,3.6
99,Upernavik,100,GL,1578787546,58,72.79,-56.15,251.29,1.3
100,Dikson,100,RU,1578787344,96,73.51,80.55,255.0,5.22
101,Margate,75,GB,1578787546,81,51.38,1.39,283.15,10.8
102,Vao,100,NC,1578787546,79,-22.67,167.48,298.14,6.77
103,Hasaki,75,JP,1578787547,93,35.73,140.83,276.15,2.6
104,Sioux Lookout,75,CA,1578787547,70,50.1,-91.92,253.15,1.0
105,Ormara,71,PK,1578787547,73,25.21,64.64,296.07,9.81
106,Aklavik,40,CA,1578787547,74,68.22,-135.01,244.15,1.0
107,Nanortalik,33,GL,1578787547,60,60.14,-45.24,265.31,8.51
108,Iqaluit,75,CA,1578787339,68,63.75,-68.51,244.26,4.1
109,Wanganui,18,NZ,1578787548,34,-39.93,175.05,297.59,4.47
110,Nanning,75,CN,1578787326,81,22.82,108.32,284.15,2.0
111,Okhotsk,98,RU,1578787548,90,59.38,143.3,248.64,3.62
112,Slobodskoy,87,RU,1578787549,97,58.73,50.18,261.73,2.02
113,Verkhnevilyuysk,100,RU,1578787549,93,63.45,120.32,256.1,3.33
114,Concordia,60,AR,1578787549,58,-31.39,-58.02,301.48,1.34
115,Camopi,42,GF,1578787550,96,3.17,-52.32,294.93,1.91
116,Noumea,72,NC,1578787543,55,-22.28,166.46,303.15,3.1
117,Esim,33,GH,1578787550,89,4.87,-2.24,298.19,1.12
118,Aksay,75,RU,1578787550,93,47.26,39.87,278.15,6.0
119,Nakhon Sawan,59,TH,1578787550,65,15.7,100.14,298.15,1.76
120,Kaitangata,51,NZ,1578787551,75,-46.28,169.85,287.59,5.36
121,Mtinko,100,TZ,1578787551,93,-4.55,34.85,289.81,2.39
122,Tuktoyaktuk,90,CA,1578787352,82,69.45,-133.04,246.15,5.7
123,Isangel,75,VU,1578787551,88,-19.55,169.27,301.15,9.43
124,Isla Mujeres,20,MX,1578787551,74,21.23,-86.73,301.15,5.1
125,Musoma,96,TZ,1578787552,77,-1.5,33.8,292.55,0.94
126,Billings,75,US,1578787552,43,45.78,-108.5,274.15,6.7
127,Balkanabat,26,TM,1578787552,86,39.51,54.37,272.45,1.46
128,Pozo Colorado,100,PY,1578787552,48,-23.49,-58.8,305.02,1.75
129,Jalu,1,LY,1578787552,50,29.03,21.55,283.33,4.08
130,San Cristobal,40,VE,1578787553,54,7.77,-72.22,300.15,4.1
131,Kavaratti,0,IN,1578787553,72,10.57,72.64,300.4,3.69
132,Bambous Virieux,40,MU,1578787364,88,-20.34,57.76,299.15,2.1
133,Kawalu,81,ID,1578787553,76,-7.38,108.21,295.26,0.97
134,French Harbor,40,HN,1578787554,78,16.35,-86.43,301.15,9.3
135,Lorengau,97,PG,1578787554,77,-2.02,147.27,302.4,5.61
136,Sao Gabriel da Cachoeira,56,BR,1578787554,83,-0.13,-67.09,297.98,1.53
137,Vila Franca do Campo,75,PT,1578787554,71,37.72,-25.43,286.15,3.6
138,Comodoro Rivadavia,29,AR,1578787526,43,-45.87,-67.5,294.15,4.6
139,Igarka,100,RU,1578787555,93,67.47,86.58,259.36,9.92
140,Tereze,100,RU,1578787555,75,43.94,42.44,275.15,2.0
141,Channel-Port aux Basques,100,CA,1578787555,99,47.57,-59.14,275.92,10.38
142,Srednekolymsk,100,RU,1578787369,98,67.45,153.68,244.52,2.34
143,Saskylakh,98,RU,1578787356,93,71.92,114.08,259.0,3.75
144,Aguimes,75,ES,1578787556,72,27.91,-15.45,290.15,4.6
145,Elko,75,US,1578787556,84,41.0,-115.5,273.15,4.1
146,Zhigansk,99,RU,1578787556,97,66.77,123.37,246.66,3.67
147,Butaritari,69,KI,1578787334,74,3.07,172.79,301.9,4.39
148,Gobabis,0,NA,1578787557,62,-22.45,18.97,295.88,4.74
149,Waipawa,16,NZ,1578787557,77,-41.41,175.52,292.04,10.8
150,San Patricio,75,MX,1578787351,74,19.22,-104.7,302.15,2.6
151,Gladstone,89,AU,1578787557,62,-23.85,151.25,302.59,3.6
152,Lebu,0,CL,1578787557,75,-37.62,-73.65,288.77,4.06
153,Hithadhoo,57,MV,1578787558,76,-0.6,73.08,301.24,6.65
154,Alice Springs,90,AU,1578787558,27,-23.7,133.88,299.15,5.7
155,Geraldton,0,AU,1578787558,45,-28.77,114.6,301.15,1.0
156,Klyuchi,92,RU,1578787558,90,52.27,79.17,259.89,3.2
157,Salalah,71,OM,1578787205,38,17.02,54.09,298.15,8.7
158,Port-Gentil,20,GA,1578787559,94,-0.72,8.78,300.15,2.6
159,Ancud,75,CL,1578787370,77,-41.87,-73.82,288.15,2.6
160,Arraial do Cabo,89,BR,1578787205,85,-22.97,-42.03,300.08,5.03
161,Lewistown,75,US,1578787437,82,40.6,-77.57,292.59,3.26
162,Bandarbeyla,0,SO,1578787560,72,9.49,50.81,298.87,3.99
163,Sorland,100,NO,1578787560,77,67.67,12.69,279.45,17.29
164,Durango,17,MX,1578787560,27,24.83,-104.83,285.93,3.02
165,Camana,73,PE,1578787280,84,-16.62,-72.71,290.69,1.71
166,Big Bend,33,SZ,1578787560,88,-26.82,31.93,297.15,1.5
167,Sao Filipe,33,CV,1578787354,75,14.9,-24.5,292.7,11.31
168,Luau,100,AO,1578787354,90,-10.71,22.22,290.21,1.32
169,Kumul,10,CN,1578787561,58,42.8,93.45,262.64,2.47
170,South Lake Tahoe,40,US,1578787303,38,38.93,-119.98,281.15,5.1
171,Mandalgovi,0,MN,1578787562,89,45.76,106.27,253.34,3.03
172,Talara,40,PE,1578787562,100,-4.58,-81.27,290.15,6.2
173,Minbu,0,MM,1578787562,80,20.18,94.88,289.33,2.38
174,Fairbanks,0,US,1578787562,66,64.84,-147.72,249.26,1.08
175,Avarua,14,CK,1578787352,74,-21.21,-159.78,301.15,8.2
176,Ugoofaaru,57,MV,1578787563,72,5.67,73.0,300.86,6.76
177,Sembakung,100,ID,1578787563,93,3.82,117.25,297.02,0.77
178,Te Anau,68,NZ,1578787355,74,-45.42,167.72,283.75,3.06
179,Nikolskoye,75,RU,1578787364,64,59.7,30.79,274.15,6.0
180,Klaksvik,67,FO,1578787564,80,62.23,-6.59,275.15,3.1
181,Morden,90,CA,1578787564,76,49.19,-98.1,256.15,5.1
182,Zaysan,83,KZ,1578787266,88,47.47,84.87,256.65,0.52
183,Beira,100,MZ,1578787565,77,-19.84,34.84,301.82,6.75
184,Sandy Bay,40,AU,1578787565,39,-42.91,147.35,293.71,3.6
185,Airai,100,TL,1578787347,74,-8.93,125.41,296.77,1.63
186,Camacha,75,PT,1578787565,63,33.08,-16.33,289.15,4.6
187,Muscat,75,OM,1578787565,72,23.61,58.59,292.15,4.1
188,Rosarito,1,MX,1578787490,71,32.33,-117.03,290.15,3.1
189,Sur,92,OM,1578787566,69,22.57,59.53,293.01,1.77
190,Tonala,40,MX,1578787372,12,20.62,-103.23,299.15,2.1
191,Colonia Nueva Germania,45,PY,1578787566,78,-23.9,-56.57,299.63,1.76
192,Bondo,57,CD,1578787566,37,3.81,23.69,290.54,0.9
193,Kaduqli,0,SD,1578787567,17,11.02,29.72,287.33,5.55
194,Masvingo,98,ZW,1578787567,94,-20.06,30.83,291.9,2.11
195,Maceio,0,BR,1578787567,83,-9.67,-35.74,298.15,2.1
196,Okakarara,100,NA,1578787567,75,-20.58,17.43,295.13,3.75
197,Kanniyakumari,0,IN,1578787567,71,8.08,77.57,297.92,13.52
198,Mangrol,6,IN,1578787568,86,21.12,70.12,294.89,3.83
199,Usinsk,98,RU,1578787568,95,65.99,57.53,262.32,5.21
200,Irati,100,BR,1578787568,98,-25.47,-50.65,294.44,0.69
201,Castro,100,BR,1578787568,94,-24.79,-50.01,293.96,0.21
202,Haines Junction,0,CA,1578787568,94,60.75,-137.51,240.78,2.44
203,Derzhavinsk,89,KZ,1578787569,88,51.1,66.32,258.01,3.02
204,Trinidad,75,BO,1578787398,70,-14.83,-64.9,304.15,0.7
205,Dingalan,86,PH,1578787569,84,15.39,121.39,295.93,2.43
206,Hondo,75,JP,1578787570,66,32.45,130.2,283.15,3.6
207,Luderitz,0,NA,1578787570,82,-26.65,15.16,290.15,5.7
208,Shelburne,90,CA,1578787570,93,44.08,-80.2,276.15,6.7
209,San Jose,20,US,1578787504,54,37.34,-121.89,287.59,3.6
210,Mnogovershinnyy,1,RU,1578787571,78,53.94,139.92,253.62,2.49
211,Kaeo,18,NZ,1578787571,46,-35.1,173.78,297.59,4.47
212,Barra de Tecoanapa,2,MX,1578787340,68,16.52,-98.75,300.65,1.65
213,Steamboat Springs,90,US,1578787425,92,40.48,-106.83,267.15,0.71
214,Santa Cruz de la Sierra,75,BO,1578787492,83,-17.8,-63.17,297.15,1.5
215,Siniscola,40,IT,1578787572,93,40.57,9.69,284.15,2.6
216,Manokwari,84,ID,1578787572,72,-0.87,134.08,299.58,1.25
217,Tandil,0,AR,1578787369,44,-37.32,-59.13,295.37,1.79
218,Yulara,68,AU,1578787364,31,-25.24,130.99,298.15,7.7
219,Saldanha,0,ZA,1578787340,86,-33.01,17.94,291.71,6.92
220,Marabu,75,MY,1578787328,100,4.41,114.01,297.15,2.1
221,Dauphin,90,CA,1578787573,70,51.15,-100.05,254.15,7.2
222,Nador,40,MA,1578787573,87,35.17,-2.93,286.15,0.85
223,Dingle,40,PH,1578787573,84,11.0,122.67,298.12,4.53
224,Tiznit,0,MA,1578787352,47,29.58,-9.5,284.2,3.96
225,Cap Malheureux,40,MU,1578787573,88,-19.98,57.61,299.15,2.1
226,Laela,100,TZ,1578787574,93,-8.57,32.05,289.13,0.96
227,Rio Grande,0,BR,1578787331,82,-32.03,-52.1,297.04,0.89
228,Kandrian,100,PG,1578787574,81,-6.22,149.55,300.27,1.44
229,Eirunepe,49,BR,1578787575,96,-6.66,-69.87,296.62,1.54
230,Codrington,55,AU,1578787345,78,-38.27,141.97,288.48,5.59
231,Kailua,75,US,1578787575,88,21.4,-157.74,299.82,4.1
232,Berlevag,100,NO,1578787368,90,70.86,29.09,271.82,7.23
233,Faya,22,SA,1578787346,52,18.39,42.45,279.15,2.6
234,Voznesenye,100,RU,1578787576,66,61.01,35.48,273.07,8.08
235,Pevek,100,RU,1578787576,93,69.7,170.31,252.57,2.25
236,Ranau,75,MY,1578787576,94,5.95,116.66,298.71,0.22
237,East London,35,ZA,1578787576,89,-33.02,27.91,296.54,1.62
238,Avera,90,US,1578787577,88,33.19,-82.53,297.15,4.6
239,Livani,100,LV,1578787577,81,56.35,26.18,274.43,5.16
240,Hinatuan,99,PH,1578787577,83,8.37,126.33,299.69,5.22
241,Karratha,100,AU,1578787577,76,-20.74,116.85,302.65,3.48
242,Araouane,82,ML,1578787577,16,18.9,-3.53,287.0,4.05
243,Muravlenko,100,RU,1578787578,93,63.79,74.52,260.48,6.24
244,Aranos,87,NA,1578787578,52,-24.13,19.12,299.08,6.1
245,Half Moon Bay,40,US,1578787578,76,37.46,-122.43,287.59,8.2
246,Motygino,0,RU,1578787578,96,58.18,94.76,250.77,1.13
247,Aswan,14,EG,1578787578,76,24.09,32.91,283.37,3.21
248,Miami,40,US,1578787286,69,25.77,-80.19,299.15,5.1
249,Skibbereen,75,IE,1578787579,100,51.55,-9.27,278.15,2.1
250,Coari,38,BR,1578787579,83,-4.08,-63.14,298.04,0.92
251,Bengkulu,99,ID,1578787579,88,-3.8,102.27,295.92,1.5
252,Mar del Plata,0,AR,1578787348,56,-38.0,-57.56,293.15,7.2
253,Kralendijk,75,BQ,1578787580,74,12.15,-68.27,300.15,8.2
254,Torres,38,BR,1578787580,82,-29.34,-49.73,299.06,0.47
255,Patos de Minas,96,BR,1578787581,100,-18.58,-46.52,295.93,2.0
256,Portsmouth,100,GB,1578787493,87,50.8,-1.09,283.71,10.3
257,Tabou,51,CI,1578787581,89,4.42,-7.35,297.74,0.59
258,Miranda,75,CO,1578787581,61,3.25,-76.23,300.15,5.1
259,Libreville,20,GA,1578787581,94,0.39,9.45,299.15,1.7
260,Shingu,75,JP,1578787582,81,33.73,135.98,280.15,2.1
261,Hualmay,11,PE,1578787582,82,-11.1,-77.61,293.17,2.78
262,Dorado,20,PR,1578787582,74,18.46,-66.27,300.15,8.2
263,Osoyoos,75,CA,1578787582,86,49.03,-119.45,274.15,1.19
264,Norman Wells,90,CA,1578787350,70,65.28,-126.83,255.15,9.3
265,Khatanga,99,RU,1578787583,89,71.97,102.5,259.13,3.71
266,Assiut,30,EG,1578787583,75,27.18,31.18,281.15,3.1
267,Amot,100,NO,1578787583,92,59.57,7.99,275.37,0.89
268,Krasnoselskiy,100,RU,1578787583,90,45.39,40.6,278.15,10.5
269,Hambantota,0,LK,1578787583,79,6.12,81.12,299.64,10.73
270,Gondanglegi,100,ID,1578787584,89,-7.75,112.01,296.88,1.35
271,Lithakia,75,GR,1578787584,93,37.72,20.83,281.15,3.1
272,Naze,75,JP,1578787584,88,28.37,129.48,291.15,5.1
273,Mahebourg,40,MU,1578787366,88,-20.41,57.7,299.15,2.1
274,Duku,73,NG,1578787584,26,11.24,4.91,299.71,3.65
275,Tinskoy,0,RU,1578787585,91,56.15,96.92,254.03,1.5
276,Preobrazheniye,74,RU,1578787585,63,42.9,133.91,262.24,3.12
277,Buzuluk,100,RU,1578787585,97,52.78,52.26,264.18,2.62
278,Parintins,96,BR,1578787586,65,-2.63,-56.74,299.95,0.16
279,Tiksi,64,RU,1578787347,87,71.69,128.87,246.47,3.27
280,Touros,20,BR,1578787586,78,-5.2,-35.46,299.15,3.1
281,Bilibino,100,RU,1578787586,100,68.05,166.44,251.35,0.82
282,Brae,66,GB,1578787586,75,60.4,-1.35,279.15,11.3
283,Puerto Escondido,20,MX,1578787587,69,15.85,-97.07,301.15,0.38
284,Iracoubo,56,GF,1578787587,78,5.48,-53.2,299.7,8.34
285,Pacific Grove,1,US,1578787356,58,36.62,-121.92,287.59,6.7
286,Katav-Ivanovsk,97,RU,1578787587,96,54.75,58.2,260.31,2.97
287,Morales,9,CO,1578787587,84,2.76,-76.62,292.73,0.59
288,Padang,100,ID,1578787335,90,-0.95,100.35,293.02,1.37
289,Sitrah,0,BH,1578787588,51,26.15,50.62,288.15,8.2
290,Sibolga,95,ID,1578787588,94,1.74,98.78,293.88,1.38
291,Portland,90,US,1578787497,75,45.52,-122.68,280.93,3.6
292,Rawson,0,AR,1578787588,67,-43.3,-65.1,289.0,4.01
293,Soyo,3,AO,1578787589,83,-6.13,12.37,297.33,1.87
294,San Blas,5,MX,1578787589,37,21.52,-105.27,301.15,3.6
295,Guerrero Negro,0,MX,1578787358,37,27.98,-114.06,290.73,6.84
296,Vila Velha,85,BR,1578787359,78,-20.33,-40.29,300.37,6.2
297,Beringovskiy,94,RU,1578787590,81,63.05,179.32,272.55,9.57
298,George Town,20,MY,1578787301,94,5.41,100.34,298.15,1.5
299,Port Hardy,90,CA,1578787590,93,50.7,-127.42,276.15,2.1
300,Shakhtinsk,100,KZ,1578787591,77,49.71,72.59,259.15,2.0
301,Dali,0,CN,1578787591,88,25.7,100.18,272.86,1.16
302,Homer,1,US,1578787591,43,59.64,-151.55,266.15,3.1
303,Omboue,33,GA,1578787591,91,-1.57,9.26,297.08,0.78
304,Dudinka,75,RU,1578787592,92,69.41,86.18,259.15,14.0
305,La Palma,20,US,1578787592,54,33.85,-118.05,291.15,2.1
306,Moranbah,53,AU,1578787592,44,-22.0,148.05,303.18,2.33
307,Odienne,0,CI,1578787592,27,9.51,-7.57,295.8,1.4
308,Muyezerskiy,100,RU,1578787592,96,63.93,31.65,274.07,8.1
309,Mount Gambier,90,AU,1578787593,63,-37.83,140.77,290.15,4.6
310,Kununurra,90,AU,1578787593,70,-15.77,128.73,303.15,3.1
311,Qaqortoq,66,GL,1578787593,50,60.72,-46.03,263.33,5.18
312,'Ewa Beach,75,US,1578787593,88,21.32,-158.01,299.82,4.1
313,Nantucket,90,US,1578787440,87,41.28,-70.1,287.15,10.8
314,Atlantic City,1,US,1578787510,82,39.36,-74.42,290.93,9.8
315,Teknaf,0,BD,1578787594,89,20.86,92.31,284.33,0.99
316,Scarborough,100,GB,1578787594,93,54.28,-0.4,282.15,3.6
317,Kargil,100,IN,1578787594,97,34.57,76.1,256.39,0.71
318,Puteyets,97,RU,1578787595,96,65.17,57.09,262.5,2.25
319,Wasilla,40,US,1578787595,76,61.58,-149.44,258.15,0.68
320,Bonavista,100,CA,1578787595,87,48.65,-53.11,273.15,1.34
321,Durusu,99,TR,1578787595,81,41.31,28.68,282.15,4.6
322,Port-Cartier,75,CA,1578787432,79,50.03,-66.87,269.15,2.6
323,Pakruojis,90,LT,1578787596,93,55.97,23.87,275.15,8.2
324,Genoa,0,IT,1578787596,79,44.41,8.96,284.15,6.7
325,Mitu,52,CO,1578787596,95,1.2,-70.17,296.08,0.74
326,Constitucion,0,CL,1578787361,80,-35.33,-72.42,287.82,3.74
327,Walvis Bay,82,NA,1578787352,77,-22.96,14.51,292.04,2.6
328,Ciudad del Carmen,5,MX,1578787597,62,18.63,-91.83,303.15,4.1
329,Zhangjiakou Shi Xuanhua Qu,83,CN,1578787597,80,40.61,115.04,261.04,2.07
330,Kharan,100,PK,1578787597,77,28.58,65.42,282.76,0.87
331,Ruteng,100,ID,1578787597,72,-8.61,120.47,296.82,1.82
332,Yumen,32,CN,1578787598,78,40.28,97.2,261.86,1.18
333,Palauig,90,PH,1578787350,72,15.44,119.9,297.24,0.75
334,Russell,75,US,1578787598,93,32.35,-85.2,292.59,5.7
335,Pisco,30,PE,1578787598,30,-13.7,-76.22,295.15,9.8
336,Marawi,99,PH,1578787599,85,8.0,124.29,299.82,1.34
337,Marzuq,26,YE,1578787599,44,14.4,46.47,287.65,4.54
338,Palamos,0,ES,1578787599,79,41.85,3.13,278.71,1.18
339,Port Lincoln,79,AU,1578787599,71,-34.73,135.87,291.94,6.82
340,San Rafael,31,AR,1578787599,36,-34.62,-68.33,302.21,7.24
341,Omsukchan,100,RU,1578787600,98,62.53,155.8,243.49,2.09
342,Grand Gaube,40,MU,1578787600,88,-20.01,57.66,299.15,2.1
343,Berezovyy,3,RU,1578787600,87,51.67,135.7,252.77,1.88
344,Mogadishu,40,SO,1578787365,83,2.04,45.34,300.33,7.75
345,Antalaha,71,MG,1578787601,79,-14.9,50.28,299.45,4.81
346,Ontario,20,US,1578787405,54,34.06,-117.65,291.15,2.1
347,Tual,83,ID,1578787601,74,-5.67,132.75,301.77,2.66
348,Verkhoyansk,0,RU,1578787601,96,67.54,133.38,234.84,0.93
349,Cacule,24,BR,1578787602,58,-14.5,-42.22,294.63,1.39
350,Frontignan,0,FR,1578787602,80,43.45,3.75,278.15,2.6
351,Hernani,15,ES,1578787602,93,43.27,-1.98,277.15,1.5
352,Neiafu,75,TO,1578787602,74,-18.65,-173.98,302.15,5.7
353,Olafsvik,47,IS,1578787346,67,64.89,-23.71,270.33,2.7
354,Codajas,21,BR,1578787566,93,-3.84,-62.06,297.65,0.17
355,Preslav,100,BG,1578787603,85,43.17,26.82,276.48,2.83
356,Rabo de Peixe,75,PT,1578787603,71,37.8,-25.58,286.15,3.6
357,Kudahuvadhoo,23,MV,1578787603,76,2.67,72.89,301.05,7.1
358,Katobu,100,ID,1578787603,85,-4.94,122.53,299.56,3.66
359,Leh,99,IN,1578787604,87,34.17,77.58,257.01,1.37
360,Chui,36,UY,1578787348,71,-33.7,-53.46,293.95,3.63
361,Tsaratanana,53,MG,1578787604,91,-16.78,47.65,292.64,1.98
362,Tevaitoa,91,PF,1578787604,80,-16.78,-151.5,300.77,7.25
363,Severo-Kuril'sk,100,RU,1578787604,88,50.68,156.12,266.81,5.65
364,Hirara,75,JP,1578787605,77,24.8,125.28,293.15,4.6
365,Shimoda,40,JP,1578787605,76,34.67,138.95,282.15,5.1
366,Papayal,78,PE,1578787605,59,-4.08,-80.74,299.27,2.07
367,Itarema,84,BR,1578787605,85,-2.92,-39.92,298.39,2.86
368,Toppenish,1,US,1578787461,52,46.38,-120.31,281.15,9.3
369,Paamiut,99,GL,1578787606,89,61.99,-49.67,262.27,3.54
370,Solnechnyy,23,RU,1578787606,94,50.72,136.63,253.12,1.13
371,Katsuura,75,JP,1578787606,65,35.13,140.3,283.15,4.1
372,Joshimath,35,IN,1578787606,48,30.57,79.57,273.49,4.03
373,Katra,100,IN,1578787607,47,32.98,74.95,282.52,2.51
374,Xapuri,76,BR,1578787607,64,-10.65,-68.5,301.18,1.25
375,Yar-Sale,77,RU,1578787343,96,66.83,70.83,250.83,3.02
376,Porosozero,100,RU,1578787607,90,62.72,32.73,272.92,7.62
377,Otavi,99,NA,1578787607,91,-19.65,17.33,292.26,0.35
378,Kasempa,98,ZM,1578787608,94,-13.46,25.83,289.92,2.62
379,Mansa,84,IN,1578787608,39,29.98,75.38,283.79,2.29
380,Shama,11,CN,1578787608,35,33.61,104.29,267.08,1.3
381,Vostok,96,RU,1578787608,96,46.49,135.88,252.37,1.75
382,Chiang Klang,5,TH,1578787609,100,19.29,100.86,287.15,1.0
383,Mookane,100,BW,1578787609,67,-23.69,26.66,295.82,3.39
384,Kamen'-na-Obi,97,RU,1578787609,92,53.79,81.34,260.51,3.16
385,Stokmarknes,100,NO,1578787609,82,68.56,14.91,278.15,8.94
386,Viedma,0,AR,1578787349,52,-40.81,-63.0,290.56,4.14
387,Bardiyah,68,LY,1578787610,60,31.76,25.09,286.95,3.91
388,Canutama,100,BR,1578787610,95,-6.53,-64.38,297.54,1.41
389,Shache,100,CN,1578787610,70,38.42,77.24,266.27,0.85
390,Stolin,24,BY,1578787610,93,51.89,26.85,272.54,2.09
391,Glendive,90,US,1578787610,85,47.11,-104.71,269.15,5.7
392,Gimli,100,CA,1578787611,76,50.63,-96.99,257.04,4.15
393,Bintulu,75,MY,1578787611,94,3.17,113.03,297.15,1.5
394,Mishelevka,85,RU,1578787611,100,52.86,103.17,250.15,1.39
395,Roebourne,100,AU,1578787611,54,-20.78,117.13,304.13,3.69
396,Greymouth,100,NZ,1578787611,95,-42.47,171.2,288.14,6.57
397,Shenjiamen,33,CN,1578787612,76,29.96,122.3,280.8,10.41
398,Souillac,40,MU,1578787612,88,-20.52,57.52,299.15,2.1
399,Tigre,15,AR,1578787612,54,-34.43,-58.58,302.59,2.6
400,Ciudad Lazaro Cardenas,10,MX,1578787612,80,17.96,-102.2,300.14,1.78
401,Izhma,90,RU,1578787613,96,65.01,53.91,263.3,2.8
402,Pacocha,80,PE,1578787613,85,-17.58,-71.33,294.23,3.05
403,Haskovo,90,BG,1578787613,70,41.94,25.57,279.15,1.5
404,Takoradze,33,GH,1578787613,89,4.88,-1.76,298.19,1.12
405,Umm Kaddadah,56,SD,1578787362,24,13.6,26.69,285.52,5.58
406,Gamba,74,GA,1578787614,86,-2.65,10.0,297.58,1.12
407,College,0,US,1578787614,66,64.86,-147.8,252.15,1.13
408,Concarneau,90,FR,1578787614,81,47.88,-3.92,284.82,5.7
409,Yeppoon,40,AU,1578787355,62,-23.13,150.73,302.15,1.5
410,Tura,0,IN,1578787349,78,25.52,90.22,286.44,1.99
411,Provincia di Mantova,0,IT,1578787615,74,45.17,10.78,279.26,3.1
412,Arki,97,IN,1578787615,38,31.15,76.97,283.12,2.47
413,Anadyr,75,RU,1578787615,92,64.75,177.48,270.15,15.0
414,Los Llanos de Aridane,90,ES,1578787615,72,28.66,-17.92,290.15,4.6
415,Beyneu,100,KZ,1578787616,85,45.32,55.2,270.75,1.23
416,Kyshtovka,99,RU,1578787616,95,56.55,76.63,257.25,3.07
417,East Millcreek,90,US,1578787616,96,40.7,-111.81,275.37,1.41
418,Huilong,13,CN,1578787616,74,31.81,121.66,278.15,4.83
419,Nishihara,90,JP,1578787616,88,26.18,127.76,293.15,4.1
420,Kyzyl-Suu,96,KG,1578787617,59,42.34,78.0,270.5,2.42
421,Visnes,100,NO,1578787617,87,59.36,5.22,281.48,7.2
422,Doka,0,SD,1578787617,32,13.52,35.77,286.12,4.79
423,Inhambane,99,MZ,1578787617,85,-23.86,35.38,299.3,4.47
424,Susanville,40,US,1578787618,41,40.42,-120.65,279.15,7.7
425,Ugento,75,IT,1578787618,87,39.93,18.16,282.04,1.5
426,Pundaguitan,21,PH,1578787618,80,6.37,126.17,299.71,5.03
427,Kuytun,19,RU,1578787618,99,54.34,101.5,248.92,1.49
428,Forsytheganj,40,BY,1578787619,88,52.63,29.73,271.5,2.25
429,Warrnambool,50,AU,1578787619,77,-38.38,142.48,290.37,5.37
430,Tukan,100,RU,1578787619,96,53.84,57.46,260.23,1.97
431,Banamba,6,ML,1578787619,18,13.55,-7.45,293.9,4.59
432,Tabas,100,IR,1578787619,93,33.6,56.92,276.15,7.2
433,Lampa,0,CL,1578787620,26,-33.28,-70.9,302.15,8.2
434,La Rioja,0,ES,1578787620,25,42.25,-2.5,274.15,2.1
435,Ust'-Kulom,73,RU,1578787620,96,61.69,53.69,261.75,2.33
436,Coahuayana Viejo,75,MX,1578787347,45,18.73,-103.68,302.15,1.81
437,Kodiak,1,US,1578787357,63,57.79,-152.41,272.15,3.1
438,The Valley,40,AI,1578787621,73,18.22,-63.06,299.15,7.7
439,Abu Dhabi,40,AE,1578787621,48,24.47,54.37,291.15,6.2
440,Marrakesh,0,MA,1578787573,75,31.63,-8.01,280.15,1.0
441,Sikandra,0,IN,1578787621,61,26.37,79.65,282.0,1.24
442,Bowen,75,AU,1578787622,69,-20.02,148.23,303.71,2.6
443,Vuktyl,89,RU,1578787622,96,63.86,57.31,262.57,2.13
444,Coos Bay,90,US,1578787622,87,43.37,-124.22,282.59,3.6
445,Sola,100,VU,1578787623,84,-13.88,167.55,300.23,9.2
446,Rio Pardo de Minas,10,BR,1578787623,75,-15.61,-42.54,292.07,1.16
447,Trairi,82,BR,1578787623,90,-3.28,-39.27,297.06,1.7
448,Ottawa,90,CA,1578787443,93,45.41,-75.7,275.37,5.7
449,Olga,28,RU,1578787623,58,43.74,135.29,266.71,9.34
450,Khovd,20,MN,1578787624,85,48.01,91.64,249.54,0.49
451,Aksarka,100,RU,1578787624,90,66.56,67.8,253.47,1.43
452,Celestun,1,MX,1578787624,73,20.87,-90.4,300.57,5.57
453,Ayan,100,RU,1578787359,74,56.45,138.17,254.82,3.31
454,Nizhniy Odes,78,RU,1578787624,97,63.64,54.86,262.5,2.24
455,Peniche,11,PT,1578787625,66,39.36,-9.38,283.15,2.1
456,Buala,100,SB,1578787625,82,-8.14,159.59,301.25,6.71
457,Barabai,100,ID,1578787625,97,-2.58,115.38,295.96,1.18
458,Plouzane,90,FR,1578787625,87,48.38,-4.62,284.15,9.8
459,City of San Pedro,20,PH,1578787626,83,14.35,121.02,298.15,0.5
460,Urengoy,100,RU,1578787626,94,65.97,78.37,260.7,6.24
461,Leningradskiy,100,RU,1578787626,91,69.38,178.42,257.3,7.68
462,Acari,65,PE,1578787626,83,-15.43,-74.62,291.71,1.61
463,Lakselv,100,NO,1578787626,92,70.05,24.97,271.15,6.7
464,Baykit,95,RU,1578787627,99,61.67,96.37,251.34,1.89
465,Invermere,99,CA,1578787627,87,50.52,-116.04,264.52,1.25
466,Pitimbu,0,BR,1578787627,78,-7.47,-34.81,299.15,3.1
467,Provo,90,US,1578787473,96,40.23,-111.66,275.37,4.1
468,Hervey Bay,40,AU,1578787628,74,-25.3,152.85,303.15,2.6
469,Sitka,20,US,1578787628,52,57.05,-135.33,266.15,3.6
470,Lanxi,83,CN,1578787628,90,29.22,119.48,278.6,1.37
471,Pandan,39,PH,1578787353,74,14.05,124.17,299.58,5.43
472,Savannah Bight,1,HN,1578787629,80,16.45,-85.85,300.49,10.51
473,Praia da Vitoria,40,PT,1578787629,87,38.73,-27.07,284.15,3.02
474,Sobolevo,51,RU,1578787629,84,54.43,31.9,269.96,2.18
475,Black River,20,JM,1578787629,61,18.03,-77.85,301.15,7.2
476,Ostrovnoy,100,RU,1578787629,90,68.05,39.51,269.5,8.83
477,Kimbe,100,PG,1578787630,76,-5.55,150.14,300.87,0.6
478,Boyolangu,100,ID,1578787630,89,-8.12,111.89,296.88,1.35
479,Ucluelet,90,CA,1578787527,70,48.93,-125.55,279.26,3.1
480,Port Macquarie,75,AU,1578787630,46,-31.43,152.92,298.71,5.1
481,Kalispell,90,US,1578787588,80,48.2,-114.31,275.93,2.6
482,Llanes,100,ES,1578787631,10,43.42,-4.75,281.48,3.19
483,Nemuro,75,JP,1578787631,92,43.32,145.57,265.15,1.0
484,Magole,100,TZ,1578787631,95,-6.37,37.37,296.37,1.4
485,Wukari,0,NG,1578787631,30,7.85,9.78,298.02,0.59
486,Novyy Urengoy,99,RU,1578787632,94,66.08,76.63,259.92,5.1
487,Preeceville,100,CA,1578787632,95,51.95,-102.67,257.02,6.99
488,Minab,0,IR,1578787504,54,27.15,57.08,288.15,3.1
489,Quzhou,95,CN,1578787632,91,28.96,118.87,279.0,1.98
490,Tocopilla,0,CL,1578787632,53,-22.09,-70.2,289.05,0.95
491,Evensk,100,RU,1578787633,96,61.95,159.23,252.61,4.06
492,Adrar,100,MR,1578787633,20,20.5,-10.07,285.71,4.13
493,Rio Gallegos,90,AR,1578787442,82,-51.62,-69.22,286.15,2.6
494,Sinop,85,TR,1578787633,71,41.77,34.87,282.3,5.34
495,Fort Nelson,40,CA,1578787633,75,58.81,-122.7,245.15,2.24
496,Santander,37,ES,1578787634,75,43.46,-3.8,283.15,4.1
497,Inuvik,5,CA,1578787634,75,68.35,-133.72,244.15,1.66
498,Birjand,90,IR,1578787634,97,32.87,59.22,273.15,6.2
499,Werda,80,BW,1578787634,61,-25.27,23.28,297.02,4.65
500,Zhuhai,20,CN,1578787634,76,22.28,113.57,289.26,9.3
501,Stromness,17,GB,1578787545,86,58.97,-3.3,277.15,7.7
502,Morgan City,1,US,1578787635,77,29.7,-91.21,292.04,7.2
503,Tilichiki,100,RU,1578787635,86,60.47,166.1,258.71,4.53
504,Turaif,29,SA,1578787636,93,31.67,38.66,276.15,2.6
505,Nazca,12,PE,1578787636,79,-14.83,-74.95,292.81,4.33
506,Antofagasta,75,CL,1578787636,68,-23.65,-70.4,293.15,4.6
507,San Ramon,75,US,1578787636,58,37.78,-121.98,287.59,5.7
508,Salinopolis,71,BR,1578787636,77,-0.61,-47.36,300.56,6.89
509,Batemans Bay,97,AU,1578787342,57,-35.72,150.18,292.04,0.89
510,Mocuba,43,MZ,1578787637,98,-16.84,36.99,296.65,0.6
511,Sinnamary,56,GF,1578787637,78,5.38,-52.95,299.7,8.34
512,Lagoa,100,PT,1578787637,58,39.05,-27.98,285.88,4.81
513,Spirit River,90,CA,1578787638,76,55.78,-118.84,249.15,6.2
514,Aljezur,0,PT,1578787638,79,37.32,-8.8,285.37,2.24
515,Saint Anthony,1,US,1578787638,61,45.02,-93.22,264.15,3.29
516,Yerbogachen,100,RU,1578787639,94,61.28,108.01,252.14,5.24
517,Aksu,100,CN,1578787639,62,41.12,80.26,268.58,1.2
518,Port Blair,1,IN,1578787639,82,11.67,92.75,298.79,7.71
519,Djibouti,1,DJ,1578787639,61,11.5,42.5,300.15,4.7
520,Manjacaze,18,MZ,1578787639,92,-24.71,33.88,295.98,1.58
521,Grindavik,75,IS,1578787357,92,63.84,-22.43,269.15,2.1
522,Edd,23,ER,1578787640,70,13.93,41.69,294.4,4.09
523,Aldama,97,MX,1578787640,58,22.92,-98.07,296.48,0.89
524,Ahipara,1,NZ,1578787640,57,-35.17,173.17,292.04,2.99
525,Bosaso,98,SO,1578787571,80,11.28,49.18,298.71,3.89
526,Beisfjord,95,NO,1578787641,93,68.38,17.6,276.15,7.2
527,Bereda,84,ES,1578787641,93,43.27,-7.54,279.26,2.1
528,Conneaut,90,US,1578787641,93,41.95,-80.55,289.82,6.7
529,Husavik,0,IS,1578787642,67,66.04,-17.34,268.15,10.8
530,Hammerfest,75,NO,1578787642,79,70.66,23.68,270.15,10.3
531,Namatanai,91,PG,1578787351,75,-3.67,152.43,302.08,4.73
532,Kalinovskaya,99,RU,1578787642,93,43.58,45.52,275.15,1.58
533,Amahai,98,ID,1578787642,75,-3.33,128.92,300.96,3.66
534,Gurmatkal,0,IN,1578787643,78,16.87,77.4,290.89,2.42
535,Sabancuy,4,MX,1578787643,61,18.97,-91.18,300.76,0.9
536,Jasper,90,US,1578787643,85,37.2,-94.35,267.59,3.6
537,Koslan,100,RU,1578787643,93,63.46,48.9,267.27,3.61
538,Shimanovsk,87,RU,1578787644,90,52.0,127.7,256.37,3.29
539,Quiroga,75,MX,1578787644,25,19.67,-101.53,297.15,3.6
540,Boysun,100,UZ,1578787644,69,38.21,67.2,276.19,0.88
541,Santa Maria,20,BR,1578787644,78,-29.68,-53.81,300.15,1.5
542,Fethiye,40,TR,1578787644,87,36.62,29.12,283.15,3.1
543,Nouadhibou,0,MR,1578787645,77,20.93,-17.03,289.15,7.7
544,Chu,100,KZ,1578787645,82,43.6,73.76,271.43,2.63
545,Itoman,75,JP,1578787645,82,26.12,127.67,293.15,10.3
546,Lokosovo,99,RU,1578787645,93,61.13,74.82,260.64,3.48
547,Pastavy,91,BY,1578787645,86,55.12,26.83,273.33,5.55
548,Presidencia Roque Saenz Pena,79,AR,1578787646,54,-26.79,-60.44,304.2,1.78
549,Seoul,75,KR,1578787489,86,37.57,126.98,272.15,0.5
550,Laas,0,IT,1578787646,84,46.62,10.7,272.04,1.0
551,Changping,94,CN,1578787646,57,40.22,116.22,269.26,1.0
552,Kokoda,100,PG,1578787647,87,-8.88,147.74,293.21,1.77
553,Kassala,0,SD,1578787647,71,15.45,36.4,285.25,3.36
554,Novokizhinginsk,33,RU,1578787647,98,51.61,109.59,248.86,2.12
555,Marsaxlokk,20,MT,1578787647,93,35.84,14.54,284.82,2.1
556,Saint-Pierre,75,RE,1578787342,88,-21.34,55.48,298.15,4.6
557,Carauari,78,BR,1578787648,96,-4.88,-66.9,297.12,0.98
558,Vanimo,100,PG,1578787648,77,-2.67,141.3,300.71,2.62
559,Kuybyshevskiy Zaton,90,RU,1578787648,92,55.16,49.17,268.15,3.0
560,Laguna,1,US,1578787341,50,38.42,-121.42,289.15,0.48
561,Ilulissat,75,GL,1578787532,37,69.22,-51.1,255.15,5.7
562,Great Yarmouth,100,GB,1578787351,81,52.61,1.73,283.15,9.3
563,Thinadhoo,47,MV,1578787649,76,0.53,72.93,301.0,6.91
564,Tautira,90,PF,1578787360,62,-17.73,-149.15,303.15,4.6
565,Dapaong,0,TG,1578787650,30,10.86,0.2,298.71,2.09
566,Lubumbashi,100,CD,1578787506,95,-11.66,27.48,289.98,1.66
567,Bubaque,52,GW,1578787650,63,11.28,-15.83,298.5,4.11
568,Quryq,91,KZ,1578787650,80,43.2,51.65,275.89,3.84
569,Nar'yan-Mar,82,RU,1578787651,94,67.67,53.09,265.06,5.05
570,Okato,1,NZ,1578787651,70,-39.2,173.88,293.71,2.68
571,Goderich,100,CA,1578787651,95,43.75,-81.72,275.37,3.13
572,Kampot,40,KH,1578787651,94,10.62,104.18,298.15,1.0
573,Indiana,90,US,1578787652,100,40.0,-86.25,280.37,1.5
574,Kalangala,75,UG,1578787652,94,-0.31,32.23,295.15,5.02
